<core:FragmentDefinition xmlns:table="sap.ui.table"
    xmlns="sap.m"
    xmlns:core="sap.ui.core"
    xmlns:smartField="sap.ui.comp.smartfield"
    xmlns:smartForm="sap.ui.comp.smartform">
    <Dialog id='idViewHistoryDlg' title="View History" contentWidth="30%" class="sapUiResponsiveContentPadding" draggable="false"

        resizable="false">
        <!-- <Label id='lbFName' text='File Name' required="true"/>
        <Input id="ipFileName" value="{exportData>/fileName}" valueLiveUpdate="true" liveChange="onFileNameValueChange" placeholder="Enter filename (letters, numbers, _ only)"/>
        <Label id="lbOutputType" text="Format: *" labelFor="formatSelect"/>
        <Select id="slOutputType" selectedKey="{exportData>/outputType}" width="100%">
            <items>
                <core:Item id = "item" key="1" text="Microsoft Excel (*.xlsx)"/>
            </items>
        </Select> -->


        <content>
            <smartForm:SmartForm id="smartForm"
            editable="true"
			validationMode="Async"
			editToggled="handleEditToggled"
			>   
                
                
                <smartForm:Group id="smartgroup">
                    <smartForm:GroupElement id="smartgroupElement0">
                        <Label id='lbUploadDate' text='Upload Date:' class="sapMLabelRequired"/>
                    </smartForm:GroupElement>
                    
                    <smartForm:GroupElement id="smartgroupElement1">
                        <HBox id="hbViewHistory" fitContainer="true">
                            <smartField:SmartField editable="true" id="smartfield1" value="{UPLOADFROMDATE}">
                            </smartField:SmartField> 
                            <Text id="text" text=" to " width="2rem" textAlign="Center" />                   	                   
                            <smartField:SmartField editable="true" id="smartfield2" value="{UPLOADTODATE}">
                            </smartField:SmartField>   
                        </HBox>
                    </smartForm:GroupElement>   

                  <smartForm:GroupElement id="smartgroupElement2">
					<smartField:SmartField editable="true" id="smartfield" value="{CREATED_BY}" textInEditModeSource="ValueList">
					</smartField:SmartField>
				  </smartForm:GroupElement>   
                </smartForm:Group>
            </smartForm:SmartForm>
        </content>

        <beginButton>
            <Button id='BtnGoViewHistory' type="Emphasized" text="Go" press="onGoViewHistory($event)"/>
        </beginButton>
        <endButton>
            <Button id='BtnCloseViewHistory' text="Close" press="onCloseViewHistory($event)"/>
        </endButton>
    </Dialog>
</core:FragmentDefinition>