<core:FragmentDefinition xmlns:cards="sap.f.cards"
    xmlns="sap.m"
    xmlns:core="sap.ui.core">
    <Popover id="attachmentPopover" showHeader="false" contentWidth="300px" contentHeight="400px" placement="Left" ariaLabelledBy="master-title">
        <Page id="attachmentPopoverPage" class="sapUiResponsivePadding--header" title="{attachment>/title}">
            <Table id="lstAttachments" items="{attachment>/items}">
                <columns>
                    <Column id = "col">
                        <Text id = "te" text="" />
                    </Column>
                </columns>
                <items>
                    <ColumnListItem id = "collist">
                        <cells>
                            <Link id="attachmentItem" text="{attachment>filename}" press="onPressAttachmentItem" />
                        </cells>
                    </ColumnListItem>
                </items>
            </Table>
        </Page>
    </Popover>
</core:FragmentDefinition>