<core:FragmentDefinition xmlns:table="sap.ui.table"
    xmlns="sap.m"
    xmlns:core="sap.ui.core">
    <Dialog id='idExportFileDlg' title="Export As Excel" contentWidth="30%" class="sapUiResponsiveContentPadding">
        <Label id='lbFName' text='File Name' required="true"/>
        <Input id="ipFileName" value="{exportData>/fileName}" valueLiveUpdate="true" liveChange="onFileNameValueChange" placeholder="Enter filename (letters, numbers, _ only)"/>
        <Label id="lbOutputType" text="Format: *" labelFor="formatSelect"/>
        <Select id="slOutputType" selectedKey="{exportData>/outputType}" width="100%">
            <items>
                <core:Item id = "item" key="1" text="Microsoft Excel (*.xlsx)"/>
            </items>
        </Select>
        <Label id='lbPrintDate' text='Print Date' required="true"/>
        <DatePicker value="{
						'path': 'exportData>/printDate',
						'type': 'sap.ui.model.type.Date',
						'formatOptions': {
							'pattern': 'dd/MM/y'
						}
					}" id="dpPrintDate" change="onPrintDateValueChange"/>
        <beginButton>
            <Button id='BtnExport' type="Emphasized" text="OK" press="onConfirmExportData"/>
        </beginButton>
        <endButton>
            <Button id='BtnCancel' text="Cancel" press="onCloseExportDataDialog"/>
        </endButton>
    </Dialog>
</core:FragmentDefinition>