<core:FragmentDefinition xmlns:layout="sap.ui.layout" xmlns:table="sap.ui.table"
    xmlns="sap.m"
    xmlns:core="sap.ui.core"
    xmlns:u="sap.ui.unified"
    >
    <Dialog id='idUploadFileDlg' title="Upload file" contentWidth="30%" class="sapUiResponsiveContentPadding">
        <VBox id='vbUpload' fitContainer="true">
            <Label id='lbUploadFName' text='File Name' required="true" labelFor='fileUploaderRawData' width="22rem" wrapping="true"/>
				<u:FileUploader id="fileUploaderRawData" name="rawDataFile"
					width="100%" placeholder="Enter filename (letters, numbers, _ only)"
					fileType="xlsx" multiple="false" sameFilenameAllowed="false"
					maximumFilenameLength="200" maximumFileSize="20"
					sendXHR="true" useMultipart="false" httpRequestMethod="Put"
					typeMissmatch="onTypeMissMatch" fileSizeExceed="onFileSizeExceed" 
                    change="onFilePathChange" 
                    beforeDialogOpen="onBeforeDialogOpen"
                    />            
            <!-- <HBox justifyContent="SpaceBetween" alignItems="Center"> -->
                <!-- <Input id="ipUploadFileName" width="190%" value="{exportData>/fileName}" valueLiveUpdate="true" liveChange="onFileNameValueChange" placeholder="Enter filename (letters, numbers, _ only)"/>

                <Button id='BtnUploadBrowser' text='Browser' press ='onBrowserUpload' /> -->
            <!-- </HBox> -->
        </VBox>
        <!-- <Label id="lbOutputType" text="Format: *" labelFor="formatSelect"/> -->
        <!-- <Select id="slOutputType" selectedKey="{exportData>/outputType}" width="100%">
            <items>
                <core:Item id = "item" key="1" text="Microsoft Excel (*.xlsx)"/>
            </items>
        </Select> -->
        <!-- <Label id='lbPrintDate' text='Print Date' required="true"/>
        <DatePicker value="{
						'path': 'exportData>/printDate',
						'type': 'sap.ui.model.type.Date',
						'formatOptions': {
							'pattern': 'dd/MM/y'
						}
					}" id="dpPrintDate" change="onPrintDateValueChange"/> -->
        <beginButton>
            <Button id='BtnUpload' type="Emphasized" text="Upload" press="onConfirmUploadData"/>
        </beginButton>
        <endButton>
            <Button id='BtnUploadCancel' text="Close" press="onCloseUploadDataDialog"/>
        </endButton>
    </Dialog>
</core:FragmentDefinition>