<?xml version="1.0" encoding="utf-8"?>
<edmx:Edmx Version="1.0" xmlns:edmx="http://schemas.microsoft.com/ado/2007/06/edmx" xmlns:m="http://schemas.microsoft.com/ado/2007/08/dataservices/metadata" xmlns:sap="http://www.sap.com/Protocols/SAPData">
    <edmx:DataServices m:DataServiceVersion="2.0">
        <Schema Namespace="ZGW_MM_PUR03_UPLOAD_PO_SRV" xml:lang="en" sap:schema-version="1" xmlns="http://schemas.microsoft.com/ado/2008/09/edm">
            <EntityType Name="ExcelFile" sap:content-version="1">
                <Key>
                    <PropertyRef Name="IDENTIFIER"/>
                </Key>
                <Property Name="IDENTIFIER" Type="Edm.String" Nullable="false" MaxLength="10" sap:unicode="false" sap:creatable="false" sap:updatable="false" sap:sortable="false" sap:filterable="false"/>
                <Property Name="TEMPLATE_NAME" Type="Edm.String" Nullable="false" MaxLength="100" sap:unicode="false" sap:creatable="false" sap:updatable="false" sap:sortable="false" sap:filterable="false"/>
                <Property Name="FILE_NAME" Type="Edm.String" Nullable="false" MaxLength="100" sap:unicode="false" sap:creatable="false" sap:updatable="false" sap:sortable="false" sap:filterable="false"/>
                <Property Name="BINARY_DATA" Type="Edm.String" Nullable="false" sap:unicode="false" sap:creatable="false" sap:updatable="false" sap:sortable="false" sap:filterable="false"/>
                <NavigationProperty Name="ToMessageReturnSet" Relationship="ZGW_MM_PUR03_UPLOAD_PO_SRV.ExcelFileToMessageReturn" FromRole="FromRole_ExcelFileToMessageReturn" ToRole="ToRole_ExcelFileToMessageReturn"/>
            </EntityType>
            <EntityType Name="MessageReturn" sap:content-version="1">
                <Key>
                    <PropertyRef Name="IDENTIFIER"/>
                </Key>
                <Property Name="IDENTIFIER" Type="Edm.String" Nullable="false" MaxLength="10" sap:unicode="false" sap:creatable="false" sap:updatable="false" sap:sortable="false" sap:filterable="false"/>
                <Property Name="ZZSTATUS" Type="Edm.String" Nullable="false" MaxLength="100" sap:unicode="false" sap:creatable="false" sap:updatable="false" sap:sortable="false" sap:filterable="false"/>
                <Property Name="ZZID_CONTRACT" Type="Edm.String" Nullable="false" MaxLength="4" sap:unicode="false" sap:creatable="false" sap:updatable="false" sap:sortable="false" sap:filterable="false"/>
                <Property Name="ZZSHEET" Type="Edm.String" Nullable="false" MaxLength="20" sap:unicode="false" sap:creatable="false" sap:updatable="false" sap:sortable="false" sap:filterable="false"/>
                <Property Name="ZZMESSAGE" Type="Edm.String" Nullable="false" MaxLength="255" sap:unicode="false" sap:creatable="false" sap:updatable="false" sap:sortable="false" sap:filterable="false"/>
                <Property Name="ZZEBELN" Type="Edm.String" Nullable="false" MaxLength="10" sap:unicode="false" sap:creatable="false" sap:updatable="false" sap:sortable="false" sap:filterable="false"/>
                <Property Name="ZZIDFILE_UPLOAD" Type="Edm.String" Nullable="false" MaxLength="100" sap:unicode="false" sap:creatable="false" sap:updatable="false" sap:sortable="false" sap:filterable="false"/>
                <Property Name="ZZDATE_UPLOAD" Type="Edm.String" Nullable="false" MaxLength="8" sap:unicode="false" sap:creatable="false" sap:updatable="false" sap:sortable="false" sap:filterable="false"/>
                <Property Name="ZZTIME_UPLOAD" Type="Edm.String" Nullable="false" MaxLength="6" sap:unicode="false" sap:creatable="false" sap:updatable="false" sap:sortable="false" sap:filterable="false"/>
                <NavigationProperty Name="ToExcelFileSet" Relationship="ZGW_MM_PUR03_UPLOAD_PO_SRV.ExcelFileToMessageReturn" FromRole="ToRole_ExcelFileToMessageReturn" ToRole="FromRole_ExcelFileToMessageReturn"/>
            </EntityType>
            <Association Name="ExcelFileToMessageReturn" sap:content-version="1">
                <End Type="ZGW_MM_PUR03_UPLOAD_PO_SRV.ExcelFile" Multiplicity="*" Role="FromRole_ExcelFileToMessageReturn"/>
                <End Type="ZGW_MM_PUR03_UPLOAD_PO_SRV.MessageReturn" Multiplicity="*" Role="ToRole_ExcelFileToMessageReturn"/>
                <ReferentialConstraint>
                    <Principal Role="FromRole_ExcelFileToMessageReturn">
                        <PropertyRef Name="IDENTIFIER"/>
                    </Principal>
                    <Dependent Role="ToRole_ExcelFileToMessageReturn">
                        <PropertyRef Name="IDENTIFIER"/>
                    </Dependent>
                </ReferentialConstraint>
            </Association>
            <EntityContainer Name="ZGW_MM_PUR03_UPLOAD_PO_SRV_Entities" m:IsDefaultEntityContainer="true" sap:supported-formats="atom json xlsx">
                <EntitySet Name="ExcelFileSet" EntityType="ZGW_MM_PUR03_UPLOAD_PO_SRV.ExcelFile" sap:creatable="false" sap:updatable="false" sap:deletable="false" sap:pageable="false" sap:addressable="false" sap:content-version="1"/>
                <EntitySet Name="MessageReturnSet" EntityType="ZGW_MM_PUR03_UPLOAD_PO_SRV.MessageReturn" sap:creatable="false" sap:updatable="false" sap:deletable="false" sap:pageable="false" sap:addressable="false" sap:content-version="1"/>
                <AssociationSet Name="ExcelFileToMessageReturn_AssocSet" Association="ZGW_MM_PUR03_UPLOAD_PO_SRV.ExcelFileToMessageReturn" sap:creatable="false" sap:updatable="false" sap:deletable="false" sap:content-version="1">
                    <End EntitySet="ExcelFileSet" Role="FromRole_ExcelFileToMessageReturn"/>
                    <End EntitySet="MessageReturnSet" Role="ToRole_ExcelFileToMessageReturn"/>
                </AssociationSet>
            </EntityContainer>
            <Annotation Term="Core.SchemaVersion" String="1.0.0" xmlns="http://docs.oasis-open.org/odata/ns/edm"/>
            <atom:link rel="self" href="http://dcdevsap01.pvgas.com.vn:8080/sap/opu/odata/sap/ZGW_MM_PUR03_UPLOAD_PO_SRV/$metadata" xmlns:atom="http://www.w3.org/2005/Atom"/>
            <atom:link rel="latest-version" href="http://dcdevsap01.pvgas.com.vn:8080/sap/opu/odata/sap/ZGW_MM_PUR03_UPLOAD_PO_SRV/$metadata" xmlns:atom="http://www.w3.org/2005/Atom"/>
        </Schema>
    </edmx:DataServices>
</edmx:Edmx>