<?xml version="1.0" encoding="utf-8"?>
<edmx:Edmx Version="4.0" xmlns:edmx="http://docs.oasis-open.org/odata/ns/edmx">
    <edmx:Reference Uri="../../catalogservice;v=2/Vocabularies(TechnicalName='%2FIWBEP%2FVOC_COMMON',Version='0001',SAP__Origin='')/$value">
        <edmx:Include Namespace="com.sap.vocabularies.Common.v1" Alias="Common"/>
    </edmx:Reference>
    <edmx:Reference Uri="../../catalogservice;v=2/Vocabularies(TechnicalName='%2FIWBEP%2FVOC_UI',Version='0001',SAP__Origin='')/$value">
        <edmx:Include Namespace="com.sap.vocabularies.UI.v1" Alias="UI"/>
    </edmx:Reference>
    <edmx:Reference Uri="../../catalogservice;v=2/Vocabularies(TechnicalName='%2FIWBEP%2FVOC_COMMUNICATION',Version='0001',SAP__Origin='')/$value">
        <edmx:Include Namespace="com.sap.vocabularies.Communication.v1" Alias="Communication"/>
    </edmx:Reference>
    <edmx:Reference Uri="../../catalogservice;v=2/Vocabularies(TechnicalName='%2FIWBEP%2FVOC_PERSONALDATA',Version='0001',SAP__Origin='')/$value">
        <edmx:Include Namespace="com.sap.vocabularies.PersonalData.v1" Alias="PersonalData"/>
    </edmx:Reference>
    <edmx:Reference Uri="../../catalogservice;v=2/Vocabularies(TechnicalName='%2FIWBEP%2FVOC_VALIDATION',Version='0001',SAP__Origin='')/$value">
        <edmx:Include Namespace="Org.OData.Validation.V1" Alias="Validation"/>
    </edmx:Reference>
    <edmx:Reference Uri="../../catalogservice;v=2/Vocabularies(TechnicalName='%2FIWBEP%2FVOC_ANALYTICS',Version='0001',SAP__Origin='')/$value">
        <edmx:Include Namespace="com.sap.vocabularies.Analytics.v1" Alias="Analytics"/>
    </edmx:Reference>
    <edmx:Reference Uri="../../catalogservice;v=2/Vocabularies(TechnicalName='%2FIWBEP%2FVOC_HTML5',Version='0001',SAP__Origin='')/$value">
        <edmx:Include Namespace="com.sap.vocabularies.HTML5.v1" Alias="HTML5"/>
    </edmx:Reference>
    <edmx:Reference Uri="../../../sap/zui_mm_pur03_v2/$metadata">
        <edmx:Include Namespace="ZUI_MM_PUR03_V2" Alias="SAP"/>
    </edmx:Reference>
    <edmx:DataServices>
        <Schema Namespace="zui_mm_pur03_v2_van.v1" xmlns="http://docs.oasis-open.org/odata/ns/edm">
            <Annotations Target="cds_zsd_mm_pur03.VHCreatedByType/Update_mc">
                <Annotation Term="UI.Hidden"/>
            </Annotations>
            <Annotations Target="cds_zsd_mm_pur03.PUR03Type">
                <Annotation Term="UI.HeaderInfo">
                    <Record>
                        <PropertyValue Property="TypeName" String="Records"/>
                        <PropertyValue Property="TypeNamePlural" String="Upload History"/>
                    </Record>
                </Annotation>
                <Annotation Term="UI.LineItem">
                    <Collection>
                        <Record Type="UI.DataField">
                            <PropertyValue Property="Value" Path="Status"/>
                        </Record>
                        <Record Type="UI.DataField">
                            <PropertyValue Property="Value" Path="ZZID_PO"/>
                        </Record>
                        <Record Type="UI.DataField">
                            <PropertyValue Property="Value" Path="ZZSHEET"/>
                        </Record>
                        <Record Type="UI.DataField">
                            <PropertyValue Property="Value" Path="ZZMESSAGE"/>
                        </Record>
                        <Record Type="UI.DataField">
                            <PropertyValue Property="Value" Path="ZZEBELN"/>
                        </Record>
                        <Record Type="UI.DataField">
                            <PropertyValue Property="Value" Path="ZZIDFILE_UPLOAD"/>
                        </Record>
                        <Record Type="UI.DataField">
                            <PropertyValue Property="Value" Path="ZZUSER_UPLOAD"/>
                        </Record>
                        <Record Type="UI.DataField">
                            <PropertyValue Property="Value" Path="ZZTIME_UPLOAD"/>
                        </Record>
                        <Record Type="UI.DataField">
                            <PropertyValue Property="Value" Path="ZZDATE_UPLOAD"/>
                        </Record>
                    </Collection>
                </Annotation>
                <Annotation Term="UI.PresentationVariant">
                    <Record>
                        <PropertyValue Property="TotalBy">
                            <Collection>
                                <PropertyPath>Status</PropertyPath>
                            </Collection>
                        </PropertyValue>
                        <PropertyValue Property="Visualizations">
                            <Collection>
                                <AnnotationPath>@UI.LineItem</AnnotationPath>
                            </Collection>
                        </PropertyValue>
                    </Record>
                </Annotation>
            </Annotations>
            <Annotations Target="cds_zsd_mm_pur03.HIS03Type/Status">
                <Annotation Term="UI.HiddenFilter"/>
            </Annotations>
            <Annotations Target="cds_zsd_mm_pur03.HIS03Type/ZZID_PO">
                <Annotation Term="UI.HiddenFilter"/>
            </Annotations>
            <Annotations Target="cds_zsd_mm_pur03.HIS03Type/ZZEBELN">
                <Annotation Term="UI.HiddenFilter"/>
            </Annotations>
            <Annotations Target="cds_zsd_mm_pur03.HIS03Type/ZZIDFILE_UPLOAD">
                <Annotation Term="UI.HiddenFilter"/>
            </Annotations>
            <Annotations Target="cds_zsd_mm_pur03.HIS03Type/ZZTIME_UPLOAD">
                <Annotation Term="UI.HiddenFilter"/>
            </Annotations>
            <Annotations Target="cds_zsd_mm_pur03.HIS03Type">
                <Annotation Term="UI.HeaderInfo">
                    <Record>
                        <PropertyValue Property="TypeName" String="Records"/>
                        <PropertyValue Property="TypeNamePlural" String="Upload History"/>
                    </Record>
                </Annotation>
                <Annotation Term="UI.LineItem">
                    <Collection>
                        <Record Type="UI.DataField">
                            <PropertyValue Property="Value" Path="Status"/>
                        </Record>
                        <Record Type="UI.DataField">
                            <PropertyValue Property="Value" Path="ZZID_PO"/>
                        </Record>
                        <Record Type="UI.DataField">
                            <PropertyValue Property="Value" Path="ZZEBELN"/>
                        </Record>
                        <Record Type="UI.DataField">
                            <PropertyValue Property="Value" Path="ZZIDFILE_UPLOAD"/>
                        </Record>
                        <Record Type="UI.DataField">
                            <PropertyValue Property="Value" Path="ZZUSER_UPLOAD"/>
                        </Record>
                        <Record Type="UI.DataField">
                            <PropertyValue Property="Value" Path="ZZDATE_UPLOAD"/>
                        </Record>
                        <Record Type="UI.DataField">
                            <PropertyValue Property="Value" Path="ZZTIME_UPLOAD"/>
                        </Record>
                    </Collection>
                </Annotation>
                <Annotation Term="UI.SelectionFields">
                    <Collection>
                        <PropertyPath>ZZDATE_UPLOAD</PropertyPath>
                        <PropertyPath>ZZUSER_UPLOAD</PropertyPath>
                    </Collection>
                </Annotation>
            </Annotations>
        </Schema>
    </edmx:DataServices>
</edmx:Edmx>