<?xml version="1.0" encoding="utf-8"?>
<edmx:Edmx Version="4.0" xmlns:edmx="http://docs.oasis-open.org/odata/ns/edmx">
    <edmx:Reference Uri="../../catalogservice;v=2/Vocabularies(TechnicalName='%2FIWBEP%2FVOC_COMMON',Version='0001',SAP__Origin='')/$value">
        <edmx:Include Namespace="com.sap.vocabularies.Common.v1" Alias="Common"/>
    </edmx:Reference>
    <edmx:Reference Uri="../../catalogservice;v=2/Vocabularies(TechnicalName='%2FIWBEP%2FVOC_UI',Version='0001',SAP__Origin='')/$value">
        <edmx:Include Namespace="com.sap.vocabularies.UI.v1" Alias="UI"/>
    </edmx:Reference>
    <edmx:Reference Uri="../../catalogservice;v=2/Vocabularies(TechnicalName='%2FIWBEP%2FVOC_COMMUNICATION',Version='0001',SAP__Origin='')/$value">
        <edmx:Include Namespace="com.sap.vocabularies.Communication.v1" Alias="Communication"/>
    </edmx:Reference>
    <edmx:Reference Uri="../../catalogservice;v=2/Vocabularies(TechnicalName='%2FIWBEP%2FVOC_PERSONALDATA',Version='0001',SAP__Origin='')/$value">
        <edmx:Include Namespace="com.sap.vocabularies.PersonalData.v1" Alias="PersonalData"/>
    </edmx:Reference>
    <edmx:Reference Uri="../../catalogservice;v=2/Vocabularies(TechnicalName='%2FIWBEP%2FVOC_VALIDATION',Version='0001',SAP__Origin='')/$value">
        <edmx:Include Namespace="Org.OData.Validation.V1" Alias="Validation"/>
    </edmx:Reference>
    <edmx:Reference Uri="../../catalogservice;v=2/Vocabularies(TechnicalName='%2FIWBEP%2FVOC_ANALYTICS',Version='0001',SAP__Origin='')/$value">
        <edmx:Include Namespace="com.sap.vocabularies.Analytics.v1" Alias="Analytics"/>
    </edmx:Reference>
    <edmx:Reference Uri="../../catalogservice;v=2/Vocabularies(TechnicalName='%2FIWBEP%2FVOC_HTML5',Version='0001',SAP__Origin='')/$value">
        <edmx:Include Namespace="com.sap.vocabularies.HTML5.v1" Alias="HTML5"/>
    </edmx:Reference>
    <edmx:Reference Uri="../../../sap/zui_im_stockagin_o2/$metadata">
        <edmx:Include Namespace="ZUI_IM_STOCKAGIN_O2" Alias="SAP"/>
    </edmx:Reference>
    <edmx:DataServices>
        <Schema Namespace="zui_im_stockagin_o2_van.v1" xmlns="http://docs.oasis-open.org/odata/ns/edm">
            <Annotations Target="cds_zsd_im_stockaging.ZC_IM_RMMIM07_UType/MaterialDescription">
                <Annotation Term="UI.HiddenFilter"/>
            </Annotations>
            <Annotations Target="cds_zsd_im_stockaging.ZC_IM_RMMIM07_UType/Quantity">
                <Annotation Term="UI.HiddenFilter"/>
            </Annotations>
            <Annotations Target="cds_zsd_im_stockaging.ZC_IM_RMMIM07_UType/Value">
                <Annotation Term="UI.HiddenFilter"/>
            </Annotations>
            <Annotations Target="cds_zsd_im_stockaging.ZC_IM_RMMIM07_UType/AgeofInventory">
                <Annotation Term="UI.HiddenFilter"/>
            </Annotations>
            <Annotations Target="cds_zsd_im_stockaging.ZC_IM_RMMIM07_UType/RemainShelfLifeOut">
                <Annotation Term="UI.HiddenFilter"/>
            </Annotations>
            <Annotations Target="cds_zsd_im_stockaging.ZC_IM_RMMIM07_UType/BaseUnit">
                <Annotation Term="UI.Hidden"/>
            </Annotations>
            <Annotations Target="cds_zsd_im_stockaging.ZC_IM_RMMIM07_UType/Currency">
                <Annotation Term="UI.Hidden"/>
            </Annotations>
            <Annotations Target="cds_zsd_im_stockaging.ZC_IM_RMMIM07_UType/Qty_import">
                <Annotation Term="UI.Hidden"/>
            </Annotations>
            <Annotations Target="cds_zsd_im_stockaging.ZC_IM_RMMIM07_UType/Qty_export">
                <Annotation Term="UI.Hidden"/>
            </Annotations>
            <Annotations Target="cds_zsd_im_stockaging.ZC_IM_RMMIM07_UType/RemainShelfLife">
                <Annotation Term="UI.Hidden"/>
            </Annotations>
            <Annotations Target="cds_zsd_im_stockaging.ZC_IM_RMMIM07_UType/ID">
                <Annotation Term="UI.Hidden"/>
            </Annotations>
            <Annotations Target="cds_zsd_im_stockaging.ZC_IM_RMMIM07_UType">
                <Annotation Term="UI.HeaderInfo">
                    <Record>
                        <PropertyValue Property="TypeName" String="All"/>
                        <PropertyValue Property="TypeNamePlural" String="All"/>
                    </Record>
                </Annotation>
                <Annotation Term="UI.LineItem">
                    <Collection>
                        <Record Type="UI.DataField">
                            <PropertyValue Property="Label" String="Material"/>
                            <PropertyValue Property="Value" Path="Material"/>
                        </Record>
                        <Record Type="UI.DataField">
                            <PropertyValue Property="Value" Path="MaterialDescription"/>
                        </Record>
                        <Record Type="UI.DataField">
                            <PropertyValue Property="Label" String="Material group"/>
                            <PropertyValue Property="Value" Path="MaterialGroup"/>
                        </Record>
                        <Record Type="UI.DataField">
                            <PropertyValue Property="Value" Path="Plant"/>
                        </Record>
                        <Record Type="UI.DataField">
                            <PropertyValue Property="Label" String="Storage location"/>
                            <PropertyValue Property="Value" Path="StorageLocation"/>
                        </Record>
                        <Record Type="UI.DataField">
                            <PropertyValue Property="Value" Path="ValuationType"/>
                        </Record>
                        <Record Type="UI.DataField">
                            <PropertyValue Property="Value" Path="Batch"/>
                        </Record>
                        <Record Type="UI.DataField">
                            <PropertyValue Property="Value" Path="Quantity"/>
                        </Record>
                        <Record Type="UI.DataField">
                            <PropertyValue Property="Value" Path="Value"/>
                        </Record>
                        <Record Type="UI.DataField">
                            <PropertyValue Property="Value" Path="ExpiryDate"/>
                        </Record>
                        <Record Type="UI.DataField">
                            <PropertyValue Property="Value" Path="RemainShelfLifeOut"/>
                        </Record>
                        <Record Type="UI.DataField">
                            <PropertyValue Property="Value" Path="GRLastdate"/>
                        </Record>
                        <Record Type="UI.DataField">
                            <PropertyValue Property="Value" Path="AgeofInventory"/>
                        </Record>
                    </Collection>
                </Annotation>
                <Annotation Term="UI.PresentationVariant">
                    <Record>
                        <PropertyValue Property="SortOrder">
                            <Collection>
                                <Record Type="Common.SortOrderType">
                                    <PropertyValue Property="Property" PropertyPath="Material"/>
                                    <PropertyValue Property="Descending" Bool="false"/>
                                </Record>
                                <Record Type="Common.SortOrderType">
                                    <PropertyValue Property="Property" PropertyPath="Plant"/>
                                    <PropertyValue Property="Descending" Bool="false"/>
                                </Record>
                            </Collection>
                        </PropertyValue>
                        <PropertyValue Property="Total">
                            <Collection>
                                <PropertyPath>Value</PropertyPath>
                                <PropertyPath>Quantity</PropertyPath>
                            </Collection>
                        </PropertyValue>
                        <PropertyValue Property="RequestAtLeast">
                            <Collection>
                                <PropertyPath>ValuationType</PropertyPath>
                                <PropertyPath>Plant</PropertyPath>
                                <PropertyPath>Material</PropertyPath>
                            </Collection>
                        </PropertyValue>
                        <PropertyValue Property="Visualizations">
                            <Collection>
                                <AnnotationPath>@UI.LineItem</AnnotationPath>
                            </Collection>
                        </PropertyValue>
                    </Record>
                </Annotation>
                <Annotation Term="UI.SelectionFields">
                    <Collection>
                        <PropertyPath>Material</PropertyPath>
                        <PropertyPath>Plant</PropertyPath>
                        <PropertyPath>StorageLocation</PropertyPath>
                        <PropertyPath>MaterialGroup</PropertyPath>
                        <PropertyPath>ReferenceDate</PropertyPath>
                        <PropertyPath>StockAge</PropertyPath>
                        <PropertyPath>RemainSLife</PropertyPath>
                        <PropertyPath>ValuationType</PropertyPath>
                    </Collection>
                </Annotation>
            </Annotations>
        </Schema>
    </edmx:DataServices>
</edmx:Edmx>